{
    "token_acc": 1.0,
    "token_p": 1.0,
    "token_r": 1.0,
    "token_f": 1.0,
    "ents_p": 0.2903225806451613,
    "ents_r": 0.2647058823529412,
    "ents_f": 0.27692307692307694,
    "ents_per_type": {
        "ACTION": {
            "p": 0.7,
            "r": 0.5833333333333334,
            "f": 0.6363636363636365
        },
        "COMPONENT": {
            "p": 0.09523809523809523,
            "r": 0.11764705882352941,
            "f": 0.10526315789473684
        },
        "LOCATION": {
            "p": 0.0,
            "r": 0.0,
            "f": 0.0
        },
        "PARAMETER": {
            "p": 0.0,
            "r": 0.0,
            "f": 0.0
        }
    },
    "speed": 5833.236117876426
}