{
    "summary": {
        "precision": 0.5777777777777777,
        "recall": 0.5777777777777777,
        "f1": 0.5777777777777777
    }
}